<keymap version="1" name="Default copy" parent="$default">
  <action id="ChangesView.Move" />
  <action id="Console.TableResult.FindInGrid">
    <keyboard-shortcut first-keystroke="ctrl f" />
  </action>
  <action id="DebugClass">
    <keyboard-shortcut first-keystroke="shift ctrl f9" />
  </action>
  <action id="EditorCloneCaretBelow">
    <keyboard-shortcut first-keystroke="alt k" />
  </action>
  <action id="EditorPasteSimple" />
  <action id="Find">
    <keyboard-shortcut first-keystroke="ctrl f" />
  </action>
  <action id="Git.Stash">
    <keyboard-shortcut first-keystroke="ctrl s" />
  </action>
  <action id="Git.Unstash">
    <keyboard-shortcut first-keystroke="shift ctrl s" />
  </action>
  <action id="SaveAll" />
  <action id="SelectAllOccurrences">
    <keyboard-shortcut first-keystroke="shift ctrl alt j" />
    <keyboard-shortcut first-keystroke="alt f3" />
  </action>
  <action id="Vcs.Log.GoToRef">
    <keyboard-shortcut first-keystroke="ctrl f" />
  </action>
  <action id="Vcs.MoveChangedLinesToChangelist" />
  <action id="VimPluginToggle">
    <keyboard-shortcut first-keystroke="shift ctrl alt v" />
  </action>
</keymap>