<application>
  <component name="ProjectJdkTable">
    <jdk version="2">
      <name value="Python 3.8" />
      <type value="Python SDK" />
      <version value="Python 3.8.0" />
      <homePath value="C:\Users\MatthewHam\AppData\Local\Programs\Python\Python38-32\python.exe" />
      <roots>
        <classPath>
          <root type="composite">
            <root url="file://$USER_HOME$/AppData/Local/Programs/Python/Python38-32/DLLs" type="simple" />
            <root url="file://$USER_HOME$/AppData/Local/Programs/Python/Python38-32/Lib" type="simple" />
            <root url="file://$USER_HOME$/AppData/Local/Programs/Python/Python38-32" type="simple" />
            <root url="file://$USER_HOME$/AppData/Local/Programs/Python/Python38-32/Lib/site-packages" type="simple" />
            <root url="file://$USER_HOME$/.PyCharm2019.3/system/python_stubs/363738625" type="simple" />
            <root url="file://$APPLICATION_HOME_DIR$/plugins/python/helpers/python-skeletons" type="simple" />
            <root url="file://$APPLICATION_HOME_DIR$/plugins/python/helpers/typeshed/stdlib/3" type="simple" />
            <root url="file://$APPLICATION_HOME_DIR$/plugins/python/helpers/typeshed/stdlib/2and3" type="simple" />
            <root url="file://$APPLICATION_HOME_DIR$/plugins/python/helpers/typeshed/third_party/3" type="simple" />
            <root url="file://$APPLICATION_HOME_DIR$/plugins/python/helpers/typeshed/third_party/2and3" type="simple" />
          </root>
        </classPath>
        <sourcePath>
          <root type="composite" />
        </sourcePath>
      </roots>
      <additional />
    </jdk>
  </component>
</application>