<application>
  <component name="GitRememberedInputs">
    <option name="visitedUrls">
      <list>
        <UrlAndUserName>
          <option name="url" value="https://gitlab.ysi.yardi.com/Energy/central-control-thermostat-migrator" />
          <option name="userName" value="" />
        </UrlAndUserName>
        <UrlAndUserName>
          <option name="url" value="http://gitlab.ysi.yardi.com" />
          <option name="userName" value="MatthewHam" />
        </UrlAndUserName>
      </list>
    </option>
    <option name="cloneParentDir" value="C:\Users\MatthewHam\PycharmProjects" />
  </component>
</application>