<application>
  <component name="GitRememberedInputs">
    <option name="visitedUrls">
      <list>
        <UrlAndUserName>
          <option name="url" value="https://gitlab.ysi.yardi.com/Energy/central-control-thermostat-migrator" />
          <option name="userName" value="" />
        </UrlAndUserName>
        <UrlAndUserName>
          <option name="url" value="http://gitlab.ysi.yardi.com" />
          <option name="userName" value="MatthewHam" />
        </UrlAndUserName>
        <UrlAndUserName>
          <option name="url" value="git@gitlab.ysi.yardi.com:Energy/prediction-service.git" />
          <option name="userName" value="" />
        </UrlAndUserName>
        <UrlAndUserName>
          <option name="url" value="https://github.com/patx/pickledb.git" />
          <option name="userName" value="" />
        </UrlAndUserName>
        <UrlAndUserName>
          <option name="url" value="https://gitlab.ysi.yardi.com/Energy/occupant-engagement-dashboard.git" />
          <option name="userName" value="" />
        </UrlAndUserName>
      </list>
    </option>
    <option name="cloneParentDir" value="C:\Users\MatthewHam\projects" />
  </component>
</application>