<application>
  <component name="VimSettings">
    <state version="4" enabled="true" />
    <globalmarks />
    <filemarks>
      <file name="$USER_HOME$/Projects/proliphix/pulse-helpers/src/sprint_schedules/delete/existing_schedule_deleter.py" timestamp="1550251622820">
        <mark key="[" line="7" column="32" />
        <mark key="]" line="5" column="7" />
        <mark key="^" line="5" column="7" />
        <mark key="." line="15" column="8" />
      </file>
      <file name="/start_script.py" timestamp="1551480693053">
        <mark key="[" line="0" column="0" />
      </file>
      <file name="$USER_HOME$/Projects/proliphix/yardi-pulse-zones-api/scripts/spiking_reports/main.py" timestamp="1558460150323">
        <mark key="[" line="6" column="4" />
        <mark key="]" line="6" column="4" />
        <mark key="^" line="0" column="0" />
        <mark key="." line="6" column="4" />
      </file>
      <file name="$USER_HOME$/Projects/proliphix/yardi-pulse-zones-api/scripts/postal_code_populator/verifier.py" timestamp="1556123017143">
        <mark key="[" line="3" column="42" />
        <mark key="]" line="3" column="13" />
        <mark key="." line="3" column="13" />
        <mark key="^" line="3" column="13" />
      </file>
      <file name="/a.dummy" timestamp="1558114108281">
        <mark key="[" line="0" column="0" />
      </file>
      <file name="$USER_HOME$/Projects/proliphix/pulse-helpers/src/sprint_schedules/determine/schedule_days.py" timestamp="1550251229667">
        <mark key="[" line="66" column="18" />
        <mark key="]" line="66" column="18" />
        <mark key="^" line="6" column="50" />
        <mark key="." line="66" column="18" />
      </file>
      <file name="$USER_HOME$/Projects/proliphix/yardi-pulse-zones-api/scripts/thermostat_status_checker/status_checker.py" timestamp="1558035721900">
        <mark key="[" line="29" column="44" />
        <mark key="]" line="29" column="50" />
        <mark key="." line="29" column="50" />
        <mark key="^" line="29" column="50" />
      </file>
      <file name="$USER_HOME$/Projects/proliphix/pulse-helpers/src/uptime_checker.py" timestamp="1556550642444">
        <mark key="[" line="18" column="39" />
        <mark key="]" line="18" column="43" />
        <mark key="." line="18" column="43" />
        <mark key="^" line="18" column="43" />
      </file>
      <file name="$USER_HOME$/Projects/proliphix/yardi-pulse-zones-api/scripts/apply_configs_slowly.py" timestamp="1557509897981">
        <mark key="[" line="44" column="106" />
        <mark key="]" line="44" column="107" />
        <mark key="^" line="44" column="107" />
        <mark key="." line="44" column="107" />
      </file>
      <file name="$APPLICATION_CONFIG_DIR$/scratches/scratch_16.py" timestamp="1557166598131">
        <mark key="[" line="0" column="0" />
      </file>
      <file name="$USER_HOME$/Projects/proliphix/yardi-pulse-zones-api/scripts/determine_stores_missing_hours.py" timestamp="1558029053224">
        <mark key="'" line="41" column="57" />
        <mark key="[" line="13" column="33" />
        <mark key="]" line="13" column="33" />
        <mark key="." line="13" column="33" />
        <mark key="^" line="62" column="52" />
      </file>
      <file name="$USER_HOME$/Projects/proliphix/yardi-pulse-zones-api/scripts/spiking_reports/input_file.csv" timestamp="1558114287613">
        <mark key="[" line="3" column="0" />
        <mark key="]" line="3" column="0" />
        <mark key="." line="3" column="21" />
      </file>
      <file name="$USER_HOME$/Projects/proliphix/central-control-thermostat-migrator/src/resources/uni_vista_points.json" timestamp="1559925484832">
        <mark key="[" line="14" column="0" />
        <mark key="]" line="14" column="0" />
        <mark key="." line="14" column="0" />
      </file>
      <file name="$USER_HOME$/Projects/proliphix/yardi-pulse-zones-api/scripts/cbre_schedule_migrator/assign/retrieve_store_num_to_thermostats.py" timestamp="1556660424348">
        <mark key="[" line="12" column="33" />
        <mark key="]" line="13" column="7" />
        <mark key="." line="13" column="7" />
        <mark key="^" line="13" column="7" />
      </file>
      <file name="$APPLICATION_CONFIG_DIR$/scratches/scratch_13.py" timestamp="1554302062454">
        <mark key="[" line="0" column="11" />
        <mark key="]" line="0" column="11" />
        <mark key="^" line="0" column="11" />
        <mark key="." line="0" column="11" />
      </file>
      <file name="$USER_HOME$/Projects/proliphix/pulse-helpers/src/sprint_schedules/schedule_events.py" timestamp="1545231721480">
        <mark key="[" line="0" column="0" />
      </file>
      <file name="$USER_HOME$/Projects/proliphix/yardi-pulse-zones-api/scripts/spiking_reports/point_service.py" timestamp="1558115952121">
        <mark key="[" line="72" column="35" />
        <mark key="]" line="60" column="54" />
        <mark key="." line="60" column="54" />
        <mark key="^" line="60" column="54" />
      </file>
      <file name="$USER_HOME$/Projects/proliphix/pulse-helpers/src/cc_checker/points_to_investigate.txt" timestamp="1554226981324">
        <mark key="[" line="0" column="0" />
      </file>
      <file name="$USER_HOME$/Projects/proliphix/yardi-pulse-zones-api/scripts/spiking_reports/point_keys.py" timestamp="1558460272318">
        <mark key="[" line="82" column="28" />
        <mark key="]" line="82" column="28" />
        <mark key="." line="82" column="28" />
        <mark key="^" line="84" column="12" />
      </file>
      <file name="/any_stores_missing_hours" timestamp="1556896777190">
        <mark key="[" line="0" column="0" />
      </file>
      <file name="$USER_HOME$/Projects/proliphix/central-control-thermostat-migrator/src/application/service/pulse_service.py" timestamp="1556220351402">
        <mark key="[" line="18" column="76" />
        <mark key="]" line="18" column="75" />
        <mark key="." line="18" column="75" />
        <mark key="^" line="18" column="75" />
      </file>
      <file name="$USER_HOME$/Projects/proliphix/yardi-pulse-zones-api/scripts/slow_config_applier/fast_config_checker.py" timestamp="1557512591041">
        <mark key="[" line="14" column="110" />
        <mark key="]" line="12" column="28" />
        <mark key="^" line="12" column="28" />
        <mark key="." line="12" column="28" />
      </file>
      <file name="$USER_HOME$/Projects/proliphix/central-control-thermostat-migrator/src/application/service/timeseries.py" timestamp="1556578301973">
        <mark key="[" line="74" column="33" />
      </file>
      <file name="$USER_HOME$/Projects/proliphix/yardi-pulse-zones-api/scripts/thermostat_status_checker/thermostat_status_checker.py" timestamp="1557786651571">
        <mark key="[" line="31" column="15" />
        <mark key="]" line="31" column="15" />
        <mark key="^" line="36" column="30" />
        <mark key="." line="31" column="15" />
      </file>
      <file name="$USER_HOME$/Projects/proliphix/yardi-pulse-zones-api/scripts/univista_error_forcer/error_forcer.py" timestamp="1558710459479">
        <mark key="[" line="9" column="33" />
        <mark key="]" line="9" column="33" />
        <mark key="." line="9" column="33" />
        <mark key="^" line="9" column="37" />
      </file>
      <file name="$USER_HOME$/Projects/proliphix/yardi-pulse-zones-api/scripts/cc_site_checker/aiohttp_spike.py" timestamp="1554924290819">
        <mark key="[" line="0" column="0" />
      </file>
      <file name="$USER_HOME$/Projects/proliphix/yardi-pulse-zones-api/scripts/slow_config_applier/apply_configs_slowly.py" timestamp="1558038307654">
        <mark key="[" line="38" column="41" />
        <mark key="]" line="38" column="41" />
        <mark key="." line="38" column="41" />
        <mark key="^" line="15" column="0" />
      </file>
      <file name="$USER_HOME$/Projects/proliphix/yardi-pulse-zones-api/scripts/spiking_reports/reports_spike.py" timestamp="1558114029620">
        <mark key="[" line="74" column="44" />
        <mark key="]" line="62" column="27" />
        <mark key="." line="62" column="27" />
        <mark key="^" line="62" column="27" />
      </file>
      <file name="/" timestamp="1545231242186">
        <mark key="[" line="0" column="0" />
      </file>
      <file name="/Clipboard.txt" timestamp="1557153420957">
        <mark key="[" line="0" column="0" />
      </file>
      <file name="$USER_HOME$/Projects/proliphix/yardi-pulse-zones-api/scripts/cc_site_checker/error_producer.py" timestamp="1554908501344">
        <mark key="[" line="54" column="33" />
        <mark key="]" line="46" column="38" />
        <mark key="^" line="46" column="38" />
        <mark key="." line="46" column="38" />
      </file>
      <file name="/Python Console" timestamp="1558460214244">
        <mark key="[" line="0" column="0" />
      </file>
      <file name="$USER_HOME$/Projects/proliphix/central-control-thermostat-migrator/src/resources/license_keys/prod_license_keys.json" timestamp="1553697639024">
        <mark key="[" line="5" column="0" />
        <mark key="]" line="5" column="47" />
        <mark key="^" line="5" column="14" />
        <mark key="." line="5" column="14" />
      </file>
      <file name="/fragment.py" timestamp="1558113605117">
        <mark key="[" line="0" column="0" />
      </file>
      <file name="$USER_HOME$/Projects/proliphix/central-control-thermostat-migrator/src/resources/license_keys.json" timestamp="1553639141755">
        <mark key="[" line="5" column="21" />
        <mark key="]" line="5" column="21" />
        <mark key="." line="5" column="21" />
        <mark key="^" line="12" column="45" />
      </file>
      <file name="$USER_HOME$/Projects/proliphix/yardi-pulse-zones-api/scripts/cbre_schedule_migrator/determine/determine_sprint_schedules.py" timestamp="1558029213418">
        <mark key="[" line="17" column="33" />
        <mark key="]" line="17" column="33" />
        <mark key="^" line="40" column="11" />
        <mark key="." line="17" column="33" />
      </file>
      <file name="$USER_HOME$/ProDev/pythonprodev/destroy_all_scraper/destroy_all_scraper.py" timestamp="1551478818846">
        <mark key="[" line="7" column="53" />
        <mark key="]" line="7" column="44" />
        <mark key="^" line="7" column="44" />
        <mark key="." line="7" column="44" />
      </file>
      <file name="$USER_HOME$/Projects/proliphix/central-control-thermostat-migrator/.gitignore" timestamp="1556196759456">
        <mark key="[" line="1" column="6" />
      </file>
      <file name="$APPLICATION_CONFIG_DIR$/scratches/scratch_11.py" timestamp="1551804486313">
        <mark key="[" line="5" column="24" />
        <mark key="]" line="14" column="23" />
        <mark key="." line="14" column="23" />
        <mark key="^" line="14" column="23" />
      </file>
      <file name="$USER_HOME$/Projects/proliphix/yardi-pulse-zones-api/scripts/cc_site_checker/offline_status_checker2.py" timestamp="1557341405662">
        <mark key="[" line="94" column="28" />
        <mark key="]" line="94" column="28" />
        <mark key="." line="94" column="28" />
        <mark key="^" line="102" column="73" />
      </file>
      <file name="$USER_HOME$/Projects/proliphix/yardi-pulse-zones-api/scripts/therm_sched_encoding_fixer/encoding_fixer.py" timestamp="1557953153440">
        <mark key="'" line="55" column="0" />
        <mark key="[" line="20" column="0" />
        <mark key="]" line="20" column="0" />
        <mark key="." line="20" column="0" />
        <mark key="^" line="84" column="34" />
      </file>
      <file name="$USER_HOME$/Projects/proliphix/yardi-pulse-zones-api/scripts/cbre_schedule_migrator/assign/unscheduled_thermostats.txt" timestamp="1558027173605">
        <mark key="[" line="0" column="0" />
        <mark key="]" line="0" column="0" />
        <mark key="." line="0" column="0" />
      </file>
      <file name="/Dummy.txt" timestamp="1559925524369">
        <mark key="[" line="0" column="0" />
      </file>
      <file name="$USER_HOME$/Projects/proliphix/yardi-pulse-zones-api/scripts/cbre_schedule_migrator/assign/assign_schedules.py" timestamp="1558038235151">
        <mark key="[" line="109" column="14" />
        <mark key="]" line="109" column="14" />
        <mark key="^" line="94" column="0" />
        <mark key="." line="109" column="14" />
      </file>
      <file name="$USER_HOME$/Projects/proliphix/yardi-pulse-zones-api/scripts/config_checker/fast_config_checker.py" timestamp="1558109779336">
        <mark key="'" line="76" column="0" />
        <mark key="[" line="72" column="0" />
        <mark key="]" line="80" column="42" />
        <mark key="." line="17" column="22" />
        <mark key="^" line="17" column="22" />
      </file>
      <file name="$USER_HOME$/Projects/proliphix/pulse-helpers/src/closed_site_deleter/deleted_orphaned_pulse_service_sites.py" timestamp="1556640773339">
        <mark key="[" line="79" column="53" />
        <mark key="]" line="79" column="53" />
        <mark key="^" line="65" column="33" />
        <mark key="." line="79" column="53" />
      </file>
      <file name="$USER_HOME$/Projects/proliphix/yardi-pulse-zones-api/scripts/extract_from_logs/extract_from_logs.py" timestamp="1557425686849">
        <mark key="[" line="7" column="0" />
        <mark key="]" line="7" column="0" />
        <mark key="^" line="32" column="32" />
        <mark key="." line="7" column="0" />
      </file>
      <file name="$USER_HOME$/Projects/proliphix/yardi-pulse-zones-api/scripts/cbre_schedule_migrator/assign/assign_schedules_slowly.py" timestamp="1557422157361">
        <mark key="[" line="72" column="32" />
      </file>
      <file name="$USER_HOME$/Projects/proliphix/central-control-thermostat-migrator/src/resources/config/integration.ini" timestamp="1553698120635">
        <mark key="[" line="12" column="0" />
        <mark key="]" line="12" column="47" />
        <mark key="." line="12" column="33" />
        <mark key="^" line="12" column="33" />
      </file>
      <file name="$APPLICATION_CONFIG_DIR$/scratches/scratch_17.py" timestamp="1557419884939">
        <mark key="[" line="0" column="19" />
        <mark key="]" line="0" column="19" />
        <mark key="." line="0" column="19" />
        <mark key="^" line="0" column="48" />
      </file>
      <file name="$USER_HOME$/Projects/proliphix/yardi-pulse-zones-api/scripts/cbre_schedule_migrator/assign/send_schedules.py" timestamp="1557259798982">
        <mark key="[" line="12" column="33" />
        <mark key="]" line="29" column="56" />
        <mark key="^" line="29" column="56" />
        <mark key="." line="29" column="56" />
      </file>
      <file name="$USER_HOME$/Projects/proliphix/central-control-thermostat-migrator/src/__main__.py" timestamp="1556211955104">
        <mark key="[" line="33" column="22" />
        <mark key="]" line="32" column="29" />
        <mark key="^" line="32" column="29" />
        <mark key="." line="32" column="29" />
      </file>
      <file name="$USER_HOME$/Projects/proliphix/central-control-thermostat-migrator/src/resources/config/qa.ini" timestamp="1553699387119">
        <mark key="[" line="20" column="8" />
        <mark key="]" line="20" column="8" />
        <mark key="." line="20" column="8" />
        <mark key="^" line="8" column="60" />
      </file>
      <file name="$USER_HOME$/Projects/proliphix/yardi-pulse-zones-api/scripts/cbre_schedule_migrator/schedule_id_to_store_nums.json" timestamp="1558038258218">
        <mark key="[" line="340" column="0" />
        <mark key="]" line="212" column="10" />
        <mark key="." line="212" column="10" />
        <mark key="^" line="212" column="10" />
      </file>
      <file name="$USER_HOME$/Projects/proliphix/central-control-thermostat-migrator/src/application/service/pulse_gateway.py" timestamp="1553697182080">
        <mark key="[" line="30" column="13" />
        <mark key="]" line="30" column="13" />
        <mark key="^" line="30" column="13" />
        <mark key="." line="30" column="13" />
      </file>
      <file name="$USER_HOME$/Projects/proliphix/central-control-thermostat-migrator/src/resources/cloud_points.json" timestamp="1559925522150">
        <mark key="[" line="38" column="0" />
        <mark key="]" line="38" column="0" />
        <mark key="." line="38" column="0" />
      </file>
    </filemarks>
    <jumps>
      <jump line="63" column="0" filename="$USER_HOME$/Projects/proliphix/pulse-helpers/src/closed_site_deleter/delete_closed_sites.py" />
      <jump line="74" column="41" filename="$USER_HOME$/Projects/proliphix/pulse-helpers/src/closed_site_deleter/delete_closed_sites.py" />
      <jump line="85" column="14" filename="$USER_HOME$/Projects/proliphix/pulse-helpers/src/closed_site_deleter/delete_closed_sites.py" />
      <jump line="73" column="4" filename="$USER_HOME$/Projects/proliphix/pulse-helpers/src/closed_site_deleter/delete_closed_sites.py" />
      <jump line="117" column="0" filename="$USER_HOME$/Projects/proliphix/pulse-helpers/src/closed_site_deleter/delete_closed_sites.py" />
      <jump line="39" column="100" filename="$USER_HOME$/Projects/proliphix/pulse-helpers/src/closed_site_deleter/deleted_orphaned_cloud_sites.py" />
      <jump line="45" column="73" filename="$USER_HOME$/Projects/proliphix/yardi-pulse-zones-api/scripts/cbre_schedule_migrator/determine/sprint_website_match_csv.py" />
      <jump line="26" column="0" filename="$USER_HOME$/Projects/proliphix/yardi-pulse-zones-api/scripts/cbre_schedule_migrator/determine/sprint_website_match_csv.py" />
      <jump line="9" column="8" filename="$USER_HOME$/Projects/proliphix/yardi-pulse-zones-api/scripts/cbre_schedule_migrator/determine/sprint_website_match_csv.py" />
      <jump line="28" column="8" filename="$USER_HOME$/Projects/proliphix/yardi-pulse-zones-api/scripts/cbre_schedule_migrator/determine/any_stores_missing_hours.py" />
      <jump line="62" column="26" filename="$USER_HOME$/Projects/proliphix/yardi-pulse-zones-api/scripts/cbre_schedule_migrator/determine/all_sites_have_schedules.py" />
      <jump line="18" column="44" filename="$USER_HOME$/Projects/proliphix/yardi-pulse-zones-api/scripts/cbre_schedule_migrator/determine/determine_sprint_schedules.py" />
      <jump line="6" column="29" filename="$USER_HOME$/Projects/proliphix/yardi-pulse-zones-api/scripts/cbre_schedule_migrator/determine/determine_sprint_schedules.py" />
      <jump line="70" column="0" filename="$USER_HOME$/Projects/proliphix/yardi-pulse-zones-api/scripts/cbre_schedule_migrator/determine/determine_sprint_schedules.py" />
      <jump line="75" column="0" filename="$USER_HOME$/Projects/proliphix/yardi-pulse-zones-api/scripts/cbre_schedule_migrator/determine/determine_sprint_schedules.py" />
      <jump line="77" column="5" filename="$USER_HOME$/Projects/proliphix/yardi-pulse-zones-api/scripts/cbre_schedule_migrator/determine/determine_sprint_schedules.py" />
      <jump line="91" column="14" filename="$USER_HOME$/Projects/proliphix/yardi-pulse-zones-api/scripts/cbre_schedule_migrator/determine/determine_sprint_schedules.py" />
      <jump line="84" column="0" filename="$USER_HOME$/Projects/proliphix/yardi-pulse-zones-api/scripts/cbre_schedule_migrator/determine/determine_sprint_schedules.py" />
      <jump line="49" column="22" filename="$USER_HOME$/Projects/proliphix/yardi-pulse-zones-api/scripts/cbre_schedule_migrator/determine/determine_sprint_schedules.py" />
      <jump line="17" column="8" filename="$USER_HOME$/Projects/proliphix/yardi-pulse-zones-api/scripts/cbre_schedule_migrator/determine/schedule_converter.py" />
      <jump line="58" column="8" filename="$USER_HOME$/Projects/proliphix/yardi-pulse-zones-api/scripts/cbre_schedule_migrator/determine/schedule_converter.py" />
      <jump line="76" column="17" filename="$USER_HOME$/Projects/proliphix/yardi-pulse-zones-api/scripts/cbre_schedule_migrator/determine/determine_sprint_schedules.py" />
      <jump line="9" column="7" filename="$USER_HOME$/Projects/proliphix/yardi-pulse-zones-api/scripts/cc_site_checker/univista_same.py" />
      <jump line="8" column="27" filename="$USER_HOME$/Projects/proliphix/yardi-pulse-zones-api/scripts/cc_site_checker/univista_same.py" />
      <jump line="38" column="7" filename="$USER_HOME$/Projects/proliphix/yardi-pulse-zones-api/scripts/cc_site_checker/univista_same.py" />
      <jump line="59" column="0" filename="$USER_HOME$/Projects/proliphix/yardi-pulse-zones-api/scripts/cc_site_checker/univista_same.py" />
      <jump line="130" column="0" filename="$USER_HOME$/Projects/proliphix/central-control-thermostat-migrator/src/migration_input_generator.py" />
      <jump line="116" column="0" filename="$USER_HOME$/Projects/proliphix/yardi-pulse-zones-api/scripts/cc_site_checker/univista_same.py" />
      <jump line="106" column="0" filename="$USER_HOME$/Projects/proliphix/yardi-pulse-zones-api/scripts/cc_site_checker/univista_same.py" />
      <jump line="110" column="0" filename="$USER_HOME$/Projects/proliphix/yardi-pulse-zones-api/scripts/cc_site_checker/univista_same.py" />
      <jump line="100" column="14" filename="$USER_HOME$/Projects/proliphix/yardi-pulse-zones-api/scripts/cc_site_checker/univista_same.py" />
      <jump line="129" column="0" filename="$USER_HOME$/Projects/proliphix/yardi-pulse-zones-api/scripts/cc_site_checker/univista_same.py" />
      <jump line="122" column="15" filename="$USER_HOME$/Projects/proliphix/yardi-pulse-zones-api/scripts/cc_site_checker/univista_same.py" />
      <jump line="126" column="10" filename="$USER_HOME$/Projects/proliphix/yardi-pulse-zones-api/scripts/cc_site_checker/univista_same.py" />
      <jump line="20" column="0" filename="$USER_HOME$/Projects/proliphix/yardi-pulse-zones-api/scripts/cbre_schedule_migrator/delete/existing_schedule_deleter.py" />
      <jump line="4" column="0" filename="$USER_HOME$/Projects/proliphix/yardi-pulse-zones-api/scripts/cbre_schedule_migrator/delete/existing_schedule_deleter.py" />
      <jump line="319" column="14" filename="$USER_HOME$/Projects/proliphix/yardi-pulse-zones-api/scripts/cbre_schedule_migrator/schedule_id_to_store_nums.json" />
      <jump line="4" column="3" filename="$USER_HOME$/Projects/proliphix/yardi-pulse-zones-api/scripts/cc_site_checker/offline_status_checker.py" />
      <jump line="84" column="37" filename="$USER_HOME$/Projects/proliphix/yardi-pulse-zones-api/scripts/cc_site_checker/offline_status_checker2.py" />
      <jump line="75" column="0" filename="$USER_HOME$/Projects/proliphix/yardi-pulse-zones-api/scripts/cc_site_checker/offline_status_checker2.py" />
      <jump line="43" column="21901" filename="$USER_HOME$/Projects/proliphix/yardi-pulse-zones-api/scripts/cbre_schedule_migrator/assign/assign_schedules.py" />
      <jump line="11" column="3009" filename="$APPLICATION_CONFIG_DIR$/scratches/scratch_17.py" />
      <jump line="10" column="6" filename="$APPLICATION_CONFIG_DIR$/scratches/scratch_17.py" />
      <jump line="4" column="12" filename="$USER_HOME$/Projects/proliphix/yardi-pulse-zones-api/scripts/apply_configs_slowly.py" />
      <jump line="3" column="0" filename="$USER_HOME$/Projects/proliphix/yardi-pulse-zones-api/scripts/extract_from_logs/extract_from_logs.py" />
      <jump line="0" column="0" filename="$USER_HOME$/Projects/proliphix/yardi-pulse-zones-api/scripts/extract_from_logs/extract_from_logs.py" />
      <jump line="7" column="41" filename="$USER_HOME$/Projects/proliphix/yardi-pulse-zones-api/scripts/extract_from_logs/NewOutput.csv" />
      <jump line="0" column="0" filename="$USER_HOME$/Projects/proliphix/yardi-pulse-zones-api/scripts/config_checker/skip_sns.txt" />
      <jump line="507" column="0" filename="$USER_HOME$/Projects/proliphix/yardi-pulse-zones-api/scripts/config_checker/skip_sns.txt" />
      <jump line="488" column="26" filename="$USER_HOME$/Projects/proliphix/yardi-pulse-zones-api/scripts/config_checker/output1.txt" />
      <jump line="0" column="0" filename="$USER_HOME$/Projects/proliphix/yardi-pulse-zones-api/scripts/config_checker/output1.txt" />
      <jump line="0" column="8" filename="$USER_HOME$/Projects/proliphix/yardi-pulse-zones-api/scripts/cbre_schedule_migrator/assign/unscheduled_thermostats.txt" />
      <jump line="96" column="35" filename="$USER_HOME$/Projects/proliphix/yardi-pulse-zones-api/scripts/cbre_schedule_migrator/assign/unscheduled_thermostats.txt" />
      <jump line="7" column="35" filename="$USER_HOME$/Projects/proliphix/yardi-pulse-zones-api/scripts/cbre_schedule_migrator/assign/unscheduled_thermostats.txt" />
      <jump line="20" column="0" filename="$USER_HOME$/Projects/proliphix/yardi-pulse-zones-api/scripts/thermostat_status_checker/thermostat_status_checker.py" />
      <jump line="13" column="17" filename="$USER_HOME$/Projects/proliphix/yardi-pulse-zones-api/scripts/therm_sched_encoding_fixer/encoding_fixer.py" />
      <jump line="79" column="11" filename="$USER_HOME$/Projects/proliphix/yardi-pulse-zones-api/scripts/therm_sched_encoding_fixer/encoding_fixer.py" />
      <jump line="55" column="0" filename="$USER_HOME$/Projects/proliphix/yardi-pulse-zones-api/scripts/therm_sched_encoding_fixer/encoding_fixer.py" />
      <jump line="81" column="7" filename="$USER_HOME$/Projects/proliphix/yardi-pulse-zones-api/scripts/thermostat_status_checker/to_check.txt" />
      <jump line="113" column="0" filename="$USER_HOME$/Projects/proliphix/yardi-pulse-zones-api/scripts/thermostat_status_checker/to_check.txt" />
      <jump line="4" column="35" filename="$USER_HOME$/Projects/proliphix/yardi-pulse-zones-api/scripts/cbre_schedule_migrator/assign/unscheduled_thermostats.txt" />
      <jump line="39" column="57" filename="$USER_HOME$/Projects/proliphix/yardi-pulse-zones-api/scripts/determine_stores_missing_hours.py" />
      <jump line="114" column="27" filename="$USER_HOME$/Projects/proliphix/yardi-pulse-zones-api/scripts/config_checker/fast_config_checker.py" />
      <jump line="112" column="0" filename="$USER_HOME$/Projects/proliphix/yardi-pulse-zones-api/scripts/config_checker/fast_config_checker.py" />
      <jump line="110" column="0" filename="$USER_HOME$/Projects/proliphix/yardi-pulse-zones-api/scripts/config_checker/fast_config_checker.py" />
      <jump line="82" column="0" filename="$USER_HOME$/Projects/proliphix/yardi-pulse-zones-api/scripts/config_checker/fast_config_checker.py" />
      <jump line="72" column="0" filename="$USER_HOME$/Projects/proliphix/yardi-pulse-zones-api/scripts/config_checker/fast_config_checker.py" />
      <jump line="69" column="0" filename="$USER_HOME$/Projects/proliphix/yardi-pulse-zones-api/scripts/config_checker/fast_config_checker.py" />
      <jump line="61" column="0" filename="$USER_HOME$/Projects/proliphix/yardi-pulse-zones-api/scripts/config_checker/fast_config_checker.py" />
      <jump line="59" column="0" filename="$USER_HOME$/Projects/proliphix/yardi-pulse-zones-api/scripts/config_checker/fast_config_checker.py" />
      <jump line="44" column="0" filename="$USER_HOME$/Projects/proliphix/yardi-pulse-zones-api/scripts/config_checker/fast_config_checker.py" />
      <jump line="87" column="0" filename="$USER_HOME$/Projects/proliphix/yardi-pulse-zones-api/scripts/config_checker/fast_config_checker.py" />
      <jump line="25" column="8" filename="$USER_HOME$/Projects/proliphix/yardi-pulse-zones-api/scripts/config_checker/fast_config_checker.py" />
      <jump line="33" column="0" filename="$USER_HOME$/Projects/proliphix/yardi-pulse-zones-api/scripts/config_checker/fast_config_checker.py" />
      <jump line="35" column="0" filename="$USER_HOME$/Projects/proliphix/yardi-pulse-zones-api/scripts/config_checker/fast_config_checker.py" />
      <jump line="34" column="11" filename="$USER_HOME$/Projects/proliphix/yardi-pulse-zones-api/scripts/spiking_reports/reports_spike.py" />
      <jump line="36" column="0" filename="$USER_HOME$/Projects/proliphix/yardi-pulse-zones-api/scripts/spiking_reports/reports_spike.py" />
      <jump line="32" column="0" filename="$USER_HOME$/Projects/proliphix/yardi-pulse-zones-api/scripts/spiking_reports/reports_spike.py" />
      <jump line="28" column="0" filename="$USER_HOME$/Projects/proliphix/yardi-pulse-zones-api/scripts/spiking_reports/reports_spike.py" />
      <jump line="21" column="0" filename="$USER_HOME$/Projects/proliphix/yardi-pulse-zones-api/scripts/spiking_reports/reports_spike.py" />
      <jump line="26" column="0" filename="$USER_HOME$/Projects/proliphix/yardi-pulse-zones-api/scripts/config_checker/fast_config_checker.py" />
      <jump line="16" column="0" filename="$USER_HOME$/Projects/proliphix/yardi-pulse-zones-api/scripts/spiking_reports/reports_spike.py" />
      <jump line="56" column="0" filename="$USER_HOME$/Projects/proliphix/yardi-pulse-zones-api/scripts/spiking_reports/reports_spike.py" />
      <jump line="61" column="0" filename="$USER_HOME$/Projects/proliphix/yardi-pulse-zones-api/scripts/spiking_reports/reports_spike.py" />
      <jump line="2" column="0" filename="$USER_HOME$/Projects/proliphix/yardi-pulse-zones-api/scripts/spiking_reports/reports_spike.py" />
      <jump line="106" column="0" filename="$USER_HOME$/Projects/proliphix/yardi-pulse-zones-api/scripts/config_checker/fast_config_checker.py" />
      <jump line="102" column="0" filename="$USER_HOME$/Projects/proliphix/yardi-pulse-zones-api/scripts/config_checker/fast_config_checker.py" />
      <jump line="95" column="0" filename="$USER_HOME$/Projects/proliphix/yardi-pulse-zones-api/scripts/config_checker/fast_config_checker.py" />
      <jump line="91" column="0" filename="$USER_HOME$/Projects/proliphix/yardi-pulse-zones-api/scripts/config_checker/fast_config_checker.py" />
      <jump line="80" column="0" filename="$USER_HOME$/Projects/proliphix/yardi-pulse-zones-api/scripts/config_checker/fast_config_checker.py" />
      <jump line="79" column="0" filename="$USER_HOME$/Projects/proliphix/yardi-pulse-zones-api/scripts/config_checker/fast_config_checker.py" />
      <jump line="76" column="0" filename="$USER_HOME$/Projects/proliphix/yardi-pulse-zones-api/scripts/config_checker/fast_config_checker.py" />
      <jump line="60" column="20" filename="$USER_HOME$/Projects/proliphix/yardi-pulse-zones-api/scripts/spiking_reports/reports_spike.py" />
      <jump line="4" column="0" filename="$USER_HOME$/Projects/proliphix/yardi-pulse-zones-api/scripts/spiking_reports/reports_spike.py" />
      <jump line="76" column="0" filename="$USER_HOME$/Projects/proliphix/yardi-pulse-zones-api/scripts/spiking_reports/reports_spike.py" />
      <jump line="19" column="10" filename="$USER_HOME$/Projects/proliphix/yardi-pulse-zones-api/scripts/spiking_reports/reports_spike.py" />
      <jump line="17" column="10" filename="$USER_HOME$/Projects/proliphix/yardi-pulse-zones-api/scripts/spiking_reports/reports_spike.py" />
      <jump line="47" column="0" filename="$USER_HOME$/Projects/proliphix/yardi-pulse-zones-api/scripts/spiking_reports/reports_spike.py" />
      <jump line="3" column="0" filename="$USER_HOME$/Projects/proliphix/yardi-pulse-zones-api/scripts/spiking_reports/input_file.csv" />
      <jump line="90" column="48" filename="$USER_HOME$/Projects/proliphix/yardi-pulse-zones-api/scripts/spiking_reports/reports_spike.py" />
    </jumps>
    <registers>
      <register name="&quot;" type="2">
        <text encoding="base64">ICAic2Vuc29yXzQiLAo=</text>
      </register>
      <register name="-" type="4">
        <text>eyJhbGciOiJIUzI1NiJ9.eyJleHAiOjE1NTc1ODg5MzIsInN1YiI6ImFwaXVzZXIifQ.P0auuGus3VLMSe-4ukuyb5Cevl97encX2siLKZfdPYk&quot;,</text>
      </register>
      <register name="/" type="4">
        <text encoding="base64">XDxmZXRjaFw+</text>
      </register>
      <register name="0" type="2">
        <text encoding="base64">ICAgICAgICAgICAgaWYgcG9pbnRbInBvaW50SWQiXSA9PSAnc2VyaWFsX251bWJlcic6Cg==</text>
      </register>
      <register name="1" type="2">
        <text encoding="base64">ICAic2Vuc29yXzQiLAo=</text>
      </register>
      <register name="2" type="2">
        <text encoding="base64">ICAic2Vuc29yXzQiLAo=</text>
      </register>
      <register name="3" type="2">
        <text encoding="base64">ICAiampzZW5zb3JfNCIsCg==</text>
      </register>
      <register name="4" type="2">
        <text encoding="base64">ICAgICAgICAgICAgcmV0dXJuIE5vbmUK</text>
      </register>
      <register name="5" type="2">
        <text encoding="base64">ICAgIGF3YWl0IGFzeW5jaW8uc2xlZXAoMikK</text>
      </register>
      <register name="6" type="2">
        <text encoding="base64">ICAgICAgICAgICAgaWYgc24gaW4gc25zX3RvX3NraXA6CiAgICAgICAgICAgICAgICBjb250aW51ZQo=</text>
      </register>
      <register name="7" type="2">
        <text encoding="base64">ICAgIHNuc190b19za2lwID0gZ2V0X3Nuc190b19za2lwKCkK</text>
      </register>
      <register name="8" type="2">
        <text encoding="base64">ICAgICAgICAgICAgcmV0dXJuIGF3YWl0IHJlc3BvbnNlLmpzb24oKQo=</text>
      </register>
      <register name="9" type="2">
        <text encoding="base64">ICAgICAgICBpZiBub3QgcmVzcG9uc2VfanNvbjoKICAgICAgICAgICAgcmV0dXJuCgogICAgICAgIGhhbmRsZV9yZXNwb25zZShyZXNwb25zZV9qc29uLCBzbikK</text>
      </register>
      <register name=":" type="4">
        <text>w</text>
      </register>
    </registers>
    <search>
      <last-search encoding="base64">XDxmZXRjaFw+</last-search>
      <last-offset />
      <last-pattern encoding="base64">XDxmZXRjaFw+</last-pattern>
      <last-replace />
      <last-substitute encoding="base64">IA==</last-substitute>
      <last-dir>1</last-dir>
      <show-last>false</show-last>
    </search>
    <history>
      <history-search>
        <entry>id_to_schedule</entry>
        <entry encoding="base64">IA==</entry>
        <entry encoding="base64">XDxmZXRjaFw+</entry>
      </history-search>
      <history-cmd>
        <entry>%y+</entry>
        <entry>?id_to_schedule</entry>
        <entry>close</entry>
        <entry>qa</entry>
        <entry>source ~/.ideavimrc</entry>
        <entry>q</entry>
        <entry>14</entry>
        <entry>s/ //g</entry>
        <entry>w</entry>
      </history-cmd>
      <history-expr />
      <history-input />
    </history>
    <shortcut-conflicts>
      <shortcut-conflict owner="ide">
        <text>ctrl pressed V</text>
      </shortcut-conflict>
      <shortcut-conflict owner="ide">
        <text>ctrl pressed W</text>
      </shortcut-conflict>
      <shortcut-conflict owner="ide">
        <text>ctrl pressed A</text>
      </shortcut-conflict>
      <shortcut-conflict owner="vim">
        <text>ctrl pressed Y</text>
      </shortcut-conflict>
      <shortcut-conflict owner="ide">
        <text>ctrl pressed B</text>
      </shortcut-conflict>
      <shortcut-conflict owner="ide">
        <text>ctrl pressed X</text>
      </shortcut-conflict>
      <shortcut-conflict owner="ide">
        <text>ctrl pressed P</text>
      </shortcut-conflict>
      <shortcut-conflict owner="ide">
        <text>ctrl pressed C</text>
      </shortcut-conflict>
      <shortcut-conflict owner="ide">
        <text>ctrl pressed N</text>
      </shortcut-conflict>
      <shortcut-conflict owner="ide">
        <text>ctrl pressed F</text>
      </shortcut-conflict>
      <shortcut-conflict owner="ide">
        <text>ctrl pressed O</text>
      </shortcut-conflict>
      <shortcut-conflict owner="ide">
        <text>ctrl pressed S</text>
      </shortcut-conflict>
      <shortcut-conflict owner="ide">
        <text>ctrl pressed U</text>
      </shortcut-conflict>
      <shortcut-conflict owner="ide">
        <text>ctrl pressed T</text>
      </shortcut-conflict>
      <shortcut-conflict owner="ide">
        <text>ctrl pressed I</text>
      </shortcut-conflict>
      <shortcut-conflict owner="ide">
        <text>ctrl pressed Q</text>
      </shortcut-conflict>
      <shortcut-conflict owner="vim">
        <text>ctrl pressed D</text>
      </shortcut-conflict>
      <shortcut-conflict owner="vim">
        <text>ctrl pressed M</text>
      </shortcut-conflict>
      <shortcut-conflict owner="vim">
        <text>ctrl pressed G</text>
      </shortcut-conflict>
      <shortcut-conflict owner="vim">
        <text>ctrl pressed 2</text>
      </shortcut-conflict>
    </shortcut-conflicts>
  </component>
</application>